block_size,uniqueness_ratio,speckle_window_size,texture_threshold,bad2,disparity_mae_px,valid_coverage
15,0,0,10,0.3880734987067267,2.1643405940930043,0.6718151929452174
15,0,0,0,0.3880734987067267,2.1645995788540686,0.671826969817648
15,0,0,20,0.38807644292483434,2.1641607044372417,0.671800471854679
9,0,0,0,0.39658293861830385,2.0072733966323524,0.6534377409605927
9,0,0,10,0.396599131817896,2.005805315198754,0.6533089314183819
9,0,0,20,0.39661794148996943,2.0043655684344337,0.6532278848571469
21,0,0,0,0.4149765935685844,2.714266655831407,0.6600598970455696
21,0,0,10,0.4149765935685844,2.714266655831407,0.6600598970455696
21,0,0,20,0.4149765935685844,2.714266655831407,0.6600598970455696
15,5,0,20,0.41550140919545997,1.751048198803738,0.6283707195741263
15,5,0,10,0.41550140919545997,1.751149477285465,0.6283773440648686
15,5,0,0,0.41550140919545997,1.751222957064843,0.628382496446557
9,5,0,0,0.4192506297733337,1.5675140896612005,0.6168561737287979
9,5,0,10,0.41926093453671065,1.5665866120740426,0.6167796240579984
9,5,0,20,0.4192760639361494,1.5657837797530207,0.6167272836233131
15,0,50,0,0.42065121420741847,1.651898842029142,0.6208249455625341
15,0,50,10,0.42065121420741847,1.651898842029142,0.6208249455625341
15,0,50,20,0.42065121420741847,1.651898842029142,0.6208249455625341
15,0,100,0,0.4263839080149019,1.5264106942453837,0.612035615074356
15,0,100,10,0.4263839080149019,1.5264106942453837,0.612035615074356
15,0,100,20,0.4263839080149019,1.5264106942453837,0.612035615074356
9,10,0,0,0.4411649365888673,1.318436354703654,0.5871609895412359
9,10,0,10,0.44117376924319035,1.3175527458800198,0.5870940085792862
9,10,0,20,0.44118322870349813,1.3169994200009203,0.5870627952287975
21,0,50,0,0.4417725263964584,2.373018397515243,0.6197668950199027
21,0,50,10,0.4417725263964584,2.373018397515243,0.6197668950199027
21,0,50,20,0.4417725263964584,2.373018397515243,0.6197668950199027
15,5,50,0,0.442321944531802,1.4722048663913874,0.5924810974101337
15,5,50,10,0.442321944531802,1.4722048663913874,0.5924810974101337
15,5,50,20,0.442321944531802,1.4722048663913874,0.5924810974101337
15,10,0,20,0.44284174185213343,1.5114553522145626,0.5922684833864948
15,10,0,10,0.44284174185213343,1.5114810600592048,0.5922699554955487
15,10,0,0,0.44284174185213343,1.5115282315882077,0.5922728997136565
21,0,100,0,0.4463521278879652,2.229718470541356,0.6114318445408866
21,0,100,10,0.4463521278879652,2.229718470541356,0.6114318445408866
21,0,100,20,0.4463521278879652,2.229718470541356,0.6114318445408866
21,5,0,0,0.4474681157130279,2.120705406806305,0.6063675234450228
21,5,0,10,0.4474681157130279,2.120705406806305,0.6063675234450228
21,5,0,20,0.4474681157130279,2.120705406806305,0.6063675234450228
15,5,100,0,0.44807139785010913,1.3880480182728552,0.5848508111151702
15,5,100,10,0.44807139785010913,1.3880480182728552,0.5848508111151702
15,5,100,20,0.44807139785010913,1.3880480182728552,0.5848508111151702
9,0,50,0,0.45461116751758296,0.958384338412326,0.5658526107640245
9,0,50,10,0.45461263962663684,0.9583820977268427,0.5658511386549707
9,0,50,20,0.45461779200832525,0.9583775228257363,0.5658459862732823
9,15,0,0,0.4629288894244972,1.1650288433476566,0.5604228005053566
9,15,0,10,0.46293477786071263,1.1642251966821875,0.5603683324703645
9,15,0,20,0.4629412931029127,1.1638420043222157,0.5603474238832525
9,0,100,0,0.4652139691326864,0.8714137297639878,0.5530693616591429
9,0,100,10,0.46521470518721325,0.8714129489824665,0.553068625604616
9,0,100,20,0.4652478276409247,0.8713690861251759,0.5530347670963777
15,10,50,0,0.46547414639007234,1.3096251947633548,0.5642297778605752
15,10,50,10,0.46547414639007234,1.3096251947633548,0.5642297778605752
15,10,50,20,0.46547414639007234,1.3096251947633548,0.5642297778605752
21,5,50,0,0.46865915534766217,1.9206797385861514,0.579293463522475
21,5,50,10,0.46865915534766217,1.9206797385861514,0.579293463522475
21,5,50,20,0.46865915534766217,1.9206797385861514,0.579293463522475
15,15,0,20,0.46870970011006224,1.340648673617285,0.5603764956464767
15,15,0,10,0.46870970011006224,1.3406536377436753,0.5603772317010035
15,15,0,0,0.46870970011006224,1.3407065759084742,0.5603801759191113
9,5,50,0,0.4700210105876641,0.8939091875127911,0.5483755128669968
9,5,50,10,0.47002174664219104,0.893908455857163,0.5483747768124699
9,5,50,20,0.4700254269148257,0.8939048195336529,0.5483710965398354
15,10,100,0,0.4715360733381592,1.2454732084112288,0.5568575870436525
15,10,100,10,0.4715360733381592,1.2454732084112288,0.5568575870436525
15,10,100,20,0.4715360733381592,1.2454732084112288,0.5568575870436525
21,5,100,0,0.4731957401020936,1.8585007540984466,0.5730583913043251
21,5,100,10,0.4731957401020936,1.8585007540984466,0.5730583913043251
21,5,100,20,0.4731957401020936,1.8585007540984466,0.5730583913043251
21,10,0,0,0.47918081388770534,1.7947516071982044,0.5631413065578272
21,10,0,10,0.47918081388770534,1.7947516071982044,0.5631413065578272
21,10,0,20,0.47918081388770534,1.7947516071982044,0.5631413065578272
9,5,100,0,0.4797043407917176,0.8114674182593002,0.536896286378016
9,5,100,10,0.4797050768462445,0.8114666014091986,0.5368955503234891
9,5,100,20,0.4797367271909021,0.8114220690230478,0.5368631639243047
9,10,50,0,0.48596910378697944,0.8458742044215619,0.5305488869784798
9,10,50,10,0.48596910378697944,0.8458742044215619,0.5305488869784798
9,10,50,20,0.48597204800508714,0.8458708394391301,0.5305459427603721
15,15,50,0,0.48885606242722535,1.2045279819694366,0.5368055219107326
15,15,50,10,0.48885606242722535,1.2045279819694366,0.5368055219107326
15,15,50,20,0.48885606242722535,1.2045279819694366,0.5368055219107326
15,15,100,0,0.4941636126367466,1.1533920452923676,0.53053440346893
15,15,100,10,0.4941636126367466,1.1533920452923676,0.53053440346893
15,15,100,20,0.4941636126367466,1.1533920452923676,0.53053440346893
9,10,100,0,0.49603671943691674,0.7650613030490602,0.5189714228646213
9,10,100,10,0.49603671943691674,0.7650613030490602,0.5189714228646213
21,10,50,0,0.4960668571866287,1.6705418453356047,0.5431798648195726
21,10,50,10,0.4960668571866287,1.6705418453356047,0.5431798648195726
21,10,50,20,0.4960668571866287,1.6705418453356047,0.5431798648195726
9,10,100,20,0.4960668976725204,0.765013991537158,0.5189405085744907
5,0,0,0,0.49699909623212096,2.6856353046857273,0.5557173541515782
5,0,0,10,0.4971144670532177,2.675485831894567,0.5551046000655406
5,0,0,20,0.49739902561537086,2.6622116026782705,0.5542426478732608
21,10,100,0,0.4994101888122481,1.640781086274173,0.5386553130135897
21,10,100,10,0.4994101888122481,1.640781086274173,0.5386553130135897
21,10,100,20,0.4994101888122481,1.640781086274173,0.5386553130135897
9,15,50,0,0.5032447522580203,0.8044601948772486,0.5117142077149335
9,15,50,10,0.5032447522580203,0.8044601948772486,0.5117142077149335
9,15,50,20,0.5032462243670742,0.8044577575939066,0.5117127356058797
21,15,0,0,0.5079520401712122,1.5691673494107505,0.5259607522505911
21,15,0,10,0.5079520401712122,1.5691673494107505,0.5259607522505911
21,15,0,20,0.5079520401712122,1.5691673494107505,0.5259607522505911
9,15,100,0,0.5131321915193727,0.7203024929858777,0.5004626362558158
9,15,100,10,0.5131321915193727,0.7203024929858777,0.5004626362558158
9,15,100,20,0.5131321915193727,0.7203024929858777,0.5004626362558158
21,15,50,0,0.5212413516463752,1.4779154760201272,0.5106333175571637
21,15,50,10,0.5212413516463752,1.4779154760201272,0.5106333175571637
21,15,50,20,0.5212413516463752,1.4779154760201272,0.5106333175571637
21,15,100,0,0.5241215268200325,1.4340993446000616,0.5067930544003176
21,15,100,10,0.5241215268200325,1.4340993446000616,0.5067930544003176
21,15,100,20,0.5241215268200325,1.4340993446000616,0.5067930544003176
5,5,0,0,0.5244321026474157,2.201713527864693,0.5140901274619649
5,5,0,10,0.5245080542696854,2.1944312366650296,0.513714492254324
5,5,0,20,0.5247174164485829,2.1844144498562468,0.5131186651064048
5,10,0,0,0.5499644250645125,1.8406340370070402,0.4794372112973342
5,10,0,10,0.550023499238482,1.8345556942054944,0.4791375277119629
5,10,0,20,0.5501899792761579,1.8276188007272656,0.47870460568877843
5,15,0,0,0.5741594717190733,1.6049028721769623,0.44926012460542103
5,15,0,10,0.5742076143236814,1.599369485296533,0.44901706263044466
5,15,0,20,0.5743434762770395,1.5942710802287081,0.4486999852189998
5,0,50,0,0.6251421688225032,0.5101212761319451,0.3806312098599879
5,0,50,10,0.6251576259675684,0.5101109617607562,0.38061575271492265
5,0,50,20,0.6252044662185242,0.5100836885138952,0.3805667043003861
5,5,50,0,0.6436831648751278,0.48805397409777607,0.3616265151339335
5,5,50,10,0.6436971499111392,0.4880437054593713,0.36161253009792205
5,5,50,20,0.6437487861128888,0.48801563416779137,0.361558685732592
5,0,100,0,0.6473733631133511,0.40175952936656856,0.35707164201120345
5,0,100,10,0.6473807236586203,0.4017546681167108,0.3570642814659343
5,0,100,20,0.6474499214130047,0.4017368467378407,0.3569950837115499
5,10,50,0,0.662948404891256,0.4877197666146073,0.34196128516057717
5,10,50,10,0.6629623899272674,0.4877090031525956,0.3419473001245657
5,10,50,20,0.6629962570643595,0.4876834536782225,0.3419112248238927
5,5,100,0,0.6659456384771689,0.4037685102731802,0.3381811742376296
5,5,100,10,0.6659522629679111,0.4037637580290645,0.3381745497468874
5,5,100,20,0.6660185165041879,0.4037509110577324,0.33810829621061067
5,15,50,0,0.6821888629971811,0.4822166806419682,0.32237085077364797
5,15,50,10,0.6822021119786655,0.48220449537606236,0.3223576017921634
5,15,50,20,0.6822337709521769,0.482178967526839,0.32232373465507125
5,10,100,0,0.6852091882513195,0.40593792000608947,0.3186094140417753
5,10,100,10,0.6852158127420618,0.4059328853396404,0.31860278955103294
5,10,100,20,0.6852805941692844,0.4059223935549845,0.3185380081238101
5,15,100,0,0.7047175989016434,0.3989554400679772,0.2987910234502447
5,15,100,10,0.7047234873378588,0.39894932723725984,0.2987851350140293
5,15,100,20,0.7047860606015008,0.3989406174025154,0.2987225617503873
