block_size,uniqueness_ratio,speckle_window_size,bad2,disparity_mae_px,valid_coverage
3,0,0,0.29294134285087237,1.173806403828162,0.7436411494896432
3,0,50,0.2948950994235522,1.073727995036159,0.7391212270456652
3,0,100,0.29665443349121656,1.0361084801612075,0.736514096933731
3,5,0,0.2969309691179808,1.1197204496393338,0.7372532048740269
3,5,50,0.29886648289058687,1.0302222960372227,0.7329145130374786
5,0,0,0.3000053561049132,1.3425977179030506,0.7427806212982547
3,5,100,0.3005866552104862,0.995937222271043,0.7304588202447077
5,0,50,0.30143418077909495,1.2280907495706423,0.7386938529257392
5,0,100,0.30310943626762327,1.1776412218375323,0.7359490187462419
3,10,0,0.3036022990767768,1.0539720038756673,0.7276324096221534
5,5,0,0.3038884577786695,1.2942844566509626,0.7367485618224892
5,5,50,0.3055155258124629,1.192045169318861,0.7325593229482205
3,10,50,0.3056310723383384,0.9767626468284935,0.7235617959068313
5,5,100,0.30713783942263717,1.1445701447497003,0.7299213250705969
3,10,100,0.30753977553100353,0.9481035706070585,0.7209981681375172
7,0,0,0.30934051842772325,1.5173586130788597,0.7400949871258768
5,10,0,0.3100754438892624,1.228315874392745,0.7274638325356797
7,0,50,0.3105107033441669,1.4233889015632206,0.7366513336864509
5,10,50,0.31192199462567716,1.1367353104859996,0.7234223995905192
7,0,100,0.31202777755671535,1.3597904949388422,0.7337553693278089
3,15,0,0.3121019868641243,0.9924159078167243,0.716217307011453
7,5,0,0.31276453571587226,1.461814872479157,0.7342794511643966
5,10,100,0.31344872818417924,1.0974219089210735,0.7210011737268366
7,5,50,0.3140417354356039,1.3703075498189394,0.7307292481660651
3,15,50,0.3142385986621359,0.9308958878307887,0.7123815079208748
7,5,100,0.3157054938091084,1.3101026231651516,0.7277003792956365
3,15,100,0.3162302488948975,0.9026785929624082,0.709708430189859
5,15,0,0.31789932109920704,1.1605040358664394,0.7163981431245768
7,10,0,0.31811602166821507,1.3939062781210614,0.7257522942766764
7,10,50,0.31963967436372803,1.2991024452191833,0.7220446885810826
5,15,50,0.31996672485378463,1.0778304995592438,0.7122321970993764
7,10,100,0.3210833487539927,1.2588595008831454,0.7195516142127476
5,15,100,0.3216522152893154,1.0412303507561753,0.7097855955930572
7,15,0,0.3252005746015338,1.3194815853894688,0.7150546008800766
7,15,50,0.32670674104604364,1.2362635784051417,0.7115728156754973
7,15,100,0.32840745305365376,1.2059857121378612,0.7090672444092099
