experiment,depth_bin_start_m,depth_bin_end_m,depth_bin_center_m,mean_abs_depth_error_m,mean_abs_disparity_error_px,bad2,valid_coverage,evaluation_pixel_count,valid_prediction_count
bm_fixed,0.75,1.0,0.875,nan,nan,1.0,0.0,219,0
bm_fixed,1.0,1.25,1.125,0.006245740465492131,0.602491021156311,0.8774455518641565,0.12809154669619785,8127,1041
bm_fixed,1.25,1.5,1.375,0.020407758385708925,0.8065811395645142,0.5614503519389107,0.46702683047193577,192505,89905
bm_fixed,1.5,1.75,1.625,0.04020605811018212,1.022724986076355,0.5396720103187765,0.48542999289267946,379890,184410
bm_fixed,1.75,2.0,1.875,0.02151042469034152,0.6768835783004761,0.5003164262780404,0.5229990060281887,559372,292551
bm_fixed,2.0,2.25,2.125,0.017538780430102346,0.610140860080719,0.4339067036701197,0.5860971432235137,655074,383937
bm_fixed,2.25,2.5,2.375,0.020127995366415533,0.6227502226829529,0.37752555519010533,0.6495914700203846,538149,349577
bm_fixed,2.5,2.75,2.625,0.024600290836126915,0.8148200511932373,0.4817379970902037,0.547979163779964,461888,253105
bm_fixed,2.75,3.0,2.875,0.04816131581760941,1.18462073802948,0.5704469965533119,0.47509756675443576,223693,106276
bm_fixed,3.0,3.25,3.125,0.06516426935989249,2.352257490158081,0.6770615713246168,0.3688763174573367,255606,94287
bm_fixed,3.25,3.5,3.375,0.04850144542102507,1.2347824573516846,0.5385072547881602,0.5047939640162508,215375,108720
bm_fixed,3.5,3.75,3.625,0.05326767067396292,1.181553602218628,0.5504642091336284,0.4856574205027602,175352,85161
bm_fixed,3.75,4.0,3.875,0.02636684277826868,0.4748675525188446,0.36374260463077934,0.6646806556966516,95837,63701
bm_fixed,4.0,4.25,4.125,0.038914031147582843,0.5827445387840271,0.332985739629745,0.7069378800395444,73841,52201
bm_fixed,4.25,4.5,4.375,0.08086391748063587,1.1068321466445923,0.6464124641246413,0.386059860598606,36585,14124
bm_fixed,4.5,4.75,4.625,0.04104101869010964,0.5223004221916199,0.3027365644576327,0.7181668315199472,15165,10891
bm_fixed,4.75,5.0,4.875,0.12215866109096861,1.5245568752288818,0.704405737704918,0.34144467213114754,7808,2666
bm_fixed,5.0,5.25,5.125,0.1200454320928691,1.3921645879745483,0.5261814418765092,0.5149361848913419,14495,7464
bm_fixed,5.25,5.5,5.375,0.0659286263476406,0.7994997501373291,0.3771518570068127,0.6465094132298,27302,17651
bm_fixed,5.5,5.75,5.625,0.06895540651579272,0.7448115944862366,0.301066531234129,0.7215507025562892,29535,21311
bm_fixed,5.75,6.0,5.875,0.1795558360924187,1.9338622093200684,0.24505635945239673,0.8212878817426577,25639,21057
bm_fixed,6.0,6.25,6.125,0.06915051326988081,0.5491762757301331,0.17159199237368922,0.8685142312406373,14686,12755
bm_fixed,6.25,6.5,6.375,0.11671354610862683,1.0257736444473267,0.3132340052585451,0.74022787028922,5705,4223
bm_fixed,6.5,6.75,6.625,0.054965017110238365,0.35709622502326965,0.22216196673897326,0.8083875632682574,5532,4472
bm_fixed,6.75,7.0,6.875,0.06122203900829511,0.3681306838989258,0.15665751544269046,0.8743994509265615,5828,5096
bm_fixed,7.0,7.25,7.125,0.24717565482221815,2.0823519229888916,0.3088116410670978,0.7471705739692805,4948,3697
bm_fixed,7.25,7.5,7.375,0.9269545485764784,7.422093868255615,0.6115942028985507,0.5420289855072464,3450,1870
bm_fixed,7.5,7.75,7.625,1.4418795764953989,10.984548568725586,0.7460843373493976,0.4243975903614458,3320,1409
bm_fixed,7.75,8.0,7.875,0.8732129871972801,6.163147449493408,0.637907041469524,0.48232674645143336,3593,1733
bm_fixed,8.0,8.25,8.125,1.1045373199214985,9.336520195007324,0.5400683630839347,0.5996961640714015,2633,1579
bm_fixed,8.25,8.5,8.375,1.2163875789337026,11.037261962890625,0.4794520547945205,0.672945205479452,584,393
bm_fixed,8.5,8.75,8.625,nan,nan,1.0,0.0,35,0
bm_tuned,0.75,1.0,0.875,nan,nan,1.0,0.0,219,0
bm_tuned,1.0,1.25,1.125,0.025381901462944636,1.8299486637115479,0.7440629998769533,0.2886674049464747,8127,2346
bm_tuned,1.25,1.5,1.375,0.038914359968784125,1.451492428779602,0.4646113087971741,0.6038336666580089,192505,116241
bm_tuned,1.5,1.75,1.625,0.08672237173987148,2.0714194774627686,0.3994024586064387,0.6732422543367818,379890,255758
bm_tuned,1.75,2.0,1.875,0.04397426407026908,1.2147815227508545,0.40759637593587095,0.6427422180588231,559372,359532
bm_tuned,2.0,2.25,2.125,0.02910462424694375,1.1460826396942139,0.35329749005455874,0.6909143089177712,655074,452600
bm_tuned,2.25,2.5,2.375,0.031307970313499266,1.1154142618179321,0.28532618289730166,0.7704966468394441,538149,414642
bm_tuned,2.5,2.75,2.625,0.04710676189241605,1.63443124294281,0.4224703824303727,0.6427423964251073,461888,296875
bm_tuned,2.75,3.0,2.875,0.07923641621491327,1.9728161096572876,0.4792371687983084,0.6189465025727224,223693,138454
bm_tuned,3.0,3.25,3.125,0.09781191528676102,3.2829132080078125,0.5945869815262552,0.5076954375092917,255606,129770
bm_tuned,3.25,3.5,3.375,0.07500424932562419,1.998384952545166,0.4733464886825305,0.6113662217063262,215375,131673
bm_tuned,3.5,3.75,3.625,0.09719757728085641,2.2783141136169434,0.5057484374287148,0.5696769925635293,175352,99894
bm_tuned,3.75,4.0,3.875,0.04816177919993602,0.8954976201057434,0.306948255892818,0.756033682189551,95837,72456
bm_tuned,4.0,4.25,4.125,0.06035334104150165,1.0305688381195068,0.28690023157866223,0.7835484351512033,73841,57858
bm_tuned,4.25,4.5,4.375,0.09838863602111468,1.38765287399292,0.6231515648489818,0.4228782287822878,36585,15471
bm_tuned,4.5,4.75,4.625,0.07369801935827762,0.9411784410476685,0.25690735245631385,0.7954500494559842,15165,12063
bm_tuned,4.75,5.0,4.875,0.18141403787426494,2.32523512840271,0.6502305327868853,0.42751024590163933,7808,3338
bm_tuned,5.0,5.25,5.125,0.17382357096709947,1.9504852294921875,0.49582614694722316,0.5760607105898585,14495,8350
bm_tuned,5.25,5.5,5.375,0.11132931107253194,1.2504254579544067,0.3336385612775621,0.7155886015676507,27302,19537
bm_tuned,5.5,5.75,5.625,0.09278756979711644,1.0057910680770874,0.27943118334179784,0.7564584391400034,29535,22342
bm_tuned,5.75,6.0,5.875,0.22756262589107082,2.4555070400238037,0.20761340145871524,0.8834587932446664,25639,22651
bm_tuned,6.0,6.25,6.125,0.1278260823992379,1.2025470733642578,0.14251668255481412,0.9299332697807435,14686,13657
bm_tuned,6.25,6.5,6.375,0.21354005007294258,2.1120877265930176,0.2750219106047327,0.8205083260297984,5705,4681
bm_tuned,6.5,6.75,6.625,0.08985634397120026,0.6670737266540527,0.18799710773680406,0.8646059291395517,5532,4783
bm_tuned,6.75,7.0,6.875,0.11158249280988192,0.8143179416656494,0.1393273850377488,0.9140356897735072,5828,5327
bm_tuned,7.0,7.25,7.125,0.5008035697418328,4.1580023765563965,0.2906224737267583,0.8486257073565077,4948,4199
bm_tuned,7.25,7.5,7.375,1.2232336912449482,9.842559814453125,0.5510144927536232,0.7255072463768116,3450,2503
bm_tuned,7.5,7.75,7.625,1.795357322942237,14.137450218200684,0.7048192771084337,0.5975903614457831,3320,1984
bm_tuned,7.75,8.0,7.875,1.145191909836443,8.517022132873535,0.5580295018090732,0.6418035068188144,3593,2306
bm_tuned,8.0,8.25,8.125,1.407860238607418,11.538308143615723,0.49335358906190657,0.7371819217622484,2633,1941
bm_tuned,8.25,8.5,8.375,1.3260114479591438,12.056829452514648,0.3955479452054795,0.803082191780822,584,469
bm_tuned,8.5,8.75,8.625,0.03989263507518359,0.1299591064453125,0.9428571428571428,0.05714285714285714,35,2
sgbm_fixed,0.75,1.0,0.875,nan,nan,1.0,0.0,219,0
sgbm_fixed,1.0,1.25,1.125,0.08257416859793641,4.103517532348633,0.7008736311061893,0.35941921988433617,8127,2921
sgbm_fixed,1.25,1.5,1.375,0.00880772499631975,0.572185218334198,0.3035609464689229,0.7337939274304563,192505,141259
sgbm_fixed,1.5,1.75,1.625,0.009422345852852855,0.4608492851257324,0.2275711390139251,0.7995103845850114,379890,303726
sgbm_fixed,1.75,2.0,1.875,0.01345966215485941,0.574239194393158,0.3267700206660326,0.6992323534249122,559372,391131
sgbm_fixed,2.0,2.25,2.125,0.01830674341338068,0.6909239888191223,0.32279406601391597,0.7072819254007944,655074,463322
sgbm_fixed,2.25,2.5,2.375,0.029550255676585258,1.0125443935394287,0.2686913847280214,0.7794514158718124,538149,419461
sgbm_fixed,2.5,2.75,2.625,0.050518679805570205,1.7370318174362183,0.40504191492309827,0.6572242621587917,461888,303564
sgbm_fixed,2.75,3.0,2.875,0.04873446429643991,1.1398017406463623,0.42539999016509233,0.6456080431663038,223693,144418
sgbm_fixed,3.0,3.25,3.125,0.05088511801716668,1.6852340698242188,0.5110639030382699,0.5582106836302747,255606,142682
sgbm_fixed,3.25,3.5,3.375,0.04824211304119231,1.2238764762878418,0.4404364480557168,0.6226535113174695,215375,134104
sgbm_fixed,3.5,3.75,3.625,0.05693423797945936,1.2218906879425049,0.4753011086272184,0.5844815000684338,175352,102490
sgbm_fixed,3.75,4.0,3.875,0.03006341861753577,0.5700056552886963,0.24166031908344376,0.80346838903555,95837,77002
sgbm_fixed,4.0,4.25,4.125,0.03147848927854726,0.49007585644721985,0.3044243712842459,0.7215097303665985,73841,53277
sgbm_fixed,4.25,4.5,4.375,0.06813199077447121,0.90667325258255,0.5867978679786798,0.4438157714910482,36585,16237
sgbm_fixed,4.5,4.75,4.625,0.053828892308815574,0.6646227836608887,0.18793273986152326,0.8509726343554237,15165,12905
sgbm_fixed,4.75,5.0,4.875,0.10439046335113122,1.31632661819458,0.5590420081967213,0.4852715163934426,7808,3789
sgbm_fixed,5.0,5.25,5.125,0.07166051326179115,0.7881880402565002,0.3812349085891687,0.6473956536736806,14495,9384
sgbm_fixed,5.25,5.5,5.375,0.055189906284574555,0.5744538903236389,0.28492418137865355,0.7376016409054281,27302,20138
sgbm_fixed,5.5,5.75,5.625,0.07045050067732676,0.7273966670036316,0.2357203318097173,0.7869646182495345,29535,23243
sgbm_fixed,5.75,6.0,5.875,0.15655341577204818,1.6639262437820435,0.17274464682709934,0.8855259565505675,25639,22704
sgbm_fixed,6.0,6.25,6.125,0.07476819422189847,0.5748764872550964,0.13434563529892415,0.9038540106223615,14686,13274
sgbm_fixed,6.25,6.5,6.375,0.15823790849061692,1.4749280214309692,0.2450482033304119,0.827695004382121,5705,4722
sgbm_fixed,6.5,6.75,6.625,0.081780595939628,0.5142597556114197,0.16323210412147504,0.8770788141720897,5532,4852
sgbm_fixed,6.75,7.0,6.875,0.08387986706572752,0.4938535690307617,0.12714481811942346,0.9075154426904598,5828,5289
sgbm_fixed,7.0,7.25,7.125,0.39907771501286604,2.8902649879455566,0.26232821341956347,0.8468067906224738,4948,4190
sgbm_fixed,7.25,7.5,7.375,0.9119580329535967,6.792239189147949,0.5449275362318841,0.6446376811594203,3450,2224
sgbm_fixed,7.5,7.75,7.625,1.3893049261061443,10.499662399291992,0.6521084337349398,0.5686746987951807,3320,1888
sgbm_fixed,7.75,8.0,7.875,0.9161397769719939,6.564786434173584,0.501530754244364,0.6626774283328695,3593,2381
sgbm_fixed,8.0,8.25,8.125,0.9354620514860685,7.521021366119385,0.4633497911127991,0.6729965818458032,2633,1772
sgbm_fixed,8.25,8.5,8.375,1.1891182302907202,10.65783405303955,0.3681506849315068,0.8116438356164384,584,474
sgbm_fixed,8.5,8.75,8.625,0.028862897095685774,0.0930916890501976,0.8,0.2,35,7
sgbm_tuned,0.75,1.0,0.875,nan,nan,1.0,0.0,219,0
sgbm_tuned,1.0,1.25,1.125,0.08670869037944354,4.786190032958984,0.6491940445428818,0.42881752184077765,8127,3485
sgbm_tuned,1.25,1.5,1.375,0.008702410048918145,0.5621915459632874,0.2887197735123763,0.7510662060725696,192505,144584
sgbm_tuned,1.5,1.75,1.625,0.011042171333191316,0.5353463292121887,0.21493590249809155,0.8184948274500513,379890,310938
sgbm_tuned,1.75,2.0,1.875,0.018894721104656415,0.8376129865646362,0.31631007629985053,0.7169718899051079,559372,401054
sgbm_tuned,2.0,2.25,2.125,0.027750933813072063,1.055079460144043,0.3161245905042789,0.7274735373408195,655074,476549
sgbm_tuned,2.25,2.5,2.375,0.034557598511687784,1.1616535186767578,0.265298272411544,0.7903833324971337,538149,425344
sgbm_tuned,2.5,2.75,2.625,0.05972042019524384,2.0277652740478516,0.3934828356657891,0.6876190764860746,461888,317603
sgbm_tuned,2.75,3.0,2.875,0.05318323762047161,1.265674114227295,0.39880103534755224,0.6867134867876956,223693,153613
sgbm_tuned,3.0,3.25,3.125,0.05410234671906617,1.7382707595825195,0.48341588225628507,0.5982606042111688,255606,152919
sgbm_tuned,3.25,3.5,3.375,0.06442205357939851,1.637533187866211,0.44720139291932676,0.6350969239698201,215375,136784
sgbm_tuned,3.5,3.75,3.625,0.07244180096098583,1.595633864402771,0.47889388202016514,0.5959384552214974,175352,104499
sgbm_tuned,3.75,4.0,3.875,0.03621677799315882,0.6910148859024048,0.24292287947243757,0.8087690557926479,95837,77510
sgbm_tuned,4.0,4.25,4.125,0.049948141400891426,0.8137670755386353,0.3330128248534012,0.7017239744857193,73841,51816
sgbm_tuned,4.25,4.5,4.375,0.08807508966239559,1.3408164978027344,0.6096760967609676,0.42552958862921964,36585,15568
sgbm_tuned,4.5,4.75,4.625,0.05549613287396003,0.7020624279975891,0.1679525222551929,0.8705572040883613,15165,13202
sgbm_tuned,4.75,5.0,4.875,0.09487864065584865,1.1875691413879395,0.5254866803278688,0.5137038934426229,7808,4011
sgbm_tuned,5.0,5.25,5.125,0.06710965755054096,0.7177159786224365,0.3668161434977579,0.6603656433252846,14495,9572
sgbm_tuned,5.25,5.5,5.375,0.07049265889869737,0.6796315908432007,0.27203135301443115,0.7577833125778332,27302,20689
sgbm_tuned,5.5,5.75,5.625,0.06883151675963027,0.7050700783729553,0.2339258506856272,0.7888606737768749,29535,23299
sgbm_tuned,5.75,6.0,5.875,0.1510090327442885,1.5727945566177368,0.1484847302936932,0.9089668083778618,25639,23305
sgbm_tuned,6.0,6.25,6.125,0.07791460537715973,0.6218119263648987,0.11432656952199373,0.9234645240364974,14686,13562
sgbm_tuned,6.25,6.5,6.375,0.13717432133664503,1.240298867225647,0.20788781770376863,0.8539877300613496,5705,4872
sgbm_tuned,6.5,6.75,6.625,0.07630677454947775,0.47468313574790955,0.12689804772234273,0.9065437454808387,5532,5015
sgbm_tuned,6.75,7.0,6.875,0.10039373836319626,0.6103346943855286,0.1075840768702814,0.9349691146190803,5828,5449
sgbm_tuned,7.0,7.25,7.125,0.4079896506979578,2.8639495372772217,0.24050121261115603,0.8807599029911075,4948,4358
sgbm_tuned,7.25,7.5,7.375,0.7658140387166104,5.693527698516846,0.4318840579710145,0.7539130434782608,3450,2601
sgbm_tuned,7.5,7.75,7.625,1.141027190487579,8.333939552307129,0.552710843373494,0.6659638554216868,3320,2211
sgbm_tuned,7.75,8.0,7.875,0.8833640150389792,6.016635894775391,0.4274979126078486,0.7511828555524631,3593,2699
sgbm_tuned,8.0,8.25,8.125,0.9775913441061815,7.511411666870117,0.42840865932396505,0.7360425370300038,2633,1938
sgbm_tuned,8.25,8.5,8.375,0.8794826590125792,7.745872974395752,0.3202054794520548,0.8116438356164384,584,474
sgbm_tuned,8.5,8.75,8.625,0.055046399930727574,0.17690277099609375,0.6,0.4,35,14
