scene,split,experiment,algorithm,parameter_source,runtime_seconds,disparity_mae_px,disparity_rmse_px,bad1,bad2,bad4,valid_coverage,evaluation_pixels,valid_prediction_pixels,depth_abs_rel,depth_rmse_m,depth_valid_coverage,depth_near_pixels,depth_near_abs_rel,depth_near_rmse_m,depth_mid_pixels,depth_mid_abs_rel,depth_mid_rmse_m,depth_far_pixels,depth_far_abs_rel,depth_far_rmse_m
Adirondack,development,bm_fixed,bm,fixed_empirical,0.03848201595246792,0.7763006574818876,3.788857870181202,0.4154388922039654,0.3951721549979392,0.3914073217394514,0.6247500876615587,325114,203115,0.009645076974566777,0.11439792656774854,0.6247500876615587,68342,0.010272152700328968,0.12835497951617933,134773,0.0093270933335553,0.10662460928227105,0,,
Adirondack,development,bm_tuned,bm,tuned_on_development_scenes,0.025353170931339264,1.158250644024946,4.925383128819849,0.3431504026280012,0.30745830693233756,0.29874136456750555,0.7318294505927152,325114,237928,0.013920808217138463,0.13985054703190114,0.7318294505927152,83501,0.01478854855503837,0.14953241829876993,154427,0.013451607973949257,0.13432504272143353,0,,
Adirondack,development,sgbm_fixed,sgbm,fixed_empirical,0.04800613783299923,0.6682384727636289,2.897660296539022,0.27498046838954954,0.24453268699594605,0.2385378667175206,0.7781639671007708,325114,252992,0.007486224929020158,0.07952954449616975,0.7781639671007708,90935,0.004536236061852392,0.023429769789358037,162057,0.009141551373640883,0.09780608655054877,0,,
Adirondack,development,sgbm_tuned,sgbm,tuned_on_development_scenes,0.05651676841080189,0.6934325464857378,3.063343264083699,0.25946898626327997,0.22835067084161248,0.22178989523674772,0.7954625146871559,325114,258616,0.00760132894999925,0.0795284400970733,0.7954625146871559,93414,0.005113023231460582,0.03152223757255638,165202,0.009008349387957457,0.09663991106378685,0,,
Jadeplant,development,bm_fixed,bm,fixed_empirical,0.039968715980648994,2.790394618867508,12.471986382949213,0.7449779460144427,0.733877846101359,0.7299584913936656,0.2865271674234609,246214,70547,0.009320538665201222,0.12638365048811517,0.2865271674234609,0,,,70547,0.009320538665201222,0.12638365048811517,0,,
Jadeplant,development,bm_tuned,bm,tuned_on_development_scenes,0.03058786503970623,5.58168486669064,17.26845547495431,0.6790353107459365,0.6544185139756472,0.6424167594044206,0.4177301047056626,246214,102851,0.019107706359622053,0.16561339493984567,0.4177301047056626,0,,,102851,0.019107706359622053,0.16561339493984567,0,,
Jadeplant,development,sgbm_fixed,sgbm,fixed_empirical,0.0934403594583273,2.492845339238483,10.845920985145696,0.6135800563737237,0.5867903531074594,0.5771442728683178,0.44728163305092317,246214,110127,0.008164022539433269,0.1032559329274283,0.44728163305092317,0,,,110127,0.008164022539433269,0.1032559329274283,0,,
Jadeplant,development,sgbm_tuned,sgbm,tuned_on_development_scenes,0.07098249904811382,2.881618923569734,11.719278754977935,0.5697563907820027,0.5426173978733947,0.5340557401285061,0.4992608056406216,246214,122925,0.009633220545945604,0.10858449743692235,0.4992608056406216,0,,,122925,0.009633220545945604,0.10858449743692235,0,,
Motorcycle,development,bm_fixed,bm,fixed_empirical,0.04634620621800423,0.6345267320681882,3.061921421714601,0.3267915682058932,0.3135784980474994,0.3071067262550223,0.7097825610038925,319078,226476,0.008465333378271819,0.12545744388484473,0.7097825610038925,0,,,203644,0.008180407517849148,0.12170478804607533,22832,0.011006654415408936,0.1549590065294656
Motorcycle,development,bm_tuned,bm,tuned_on_development_scenes,0.0260264053940773,0.8728444240459106,3.940746930407016,0.2774180607876444,0.2574730943531049,0.24669203141551596,0.7802668939883038,319078,248966,0.011768974530258608,0.16587280508657828,0.7802668939883038,0,,,224901,0.011497670259614328,0.1615006188287437,24065,0.01430446598141871,0.20221385861204905
Motorcycle,development,sgbm_fixed,sgbm,fixed_empirical,0.07959034852683544,0.57883760574929,2.7910813763184166,0.22714195275136487,0.21050652191627126,0.20121412319244825,0.8150828324108839,319078,260075,0.007951107054883316,0.11776003010016846,0.8150828324108839,0,,,234005,0.0077240858069336634,0.11498404270826638,26070,0.009988855698015588,0.14023832135299258
Motorcycle,development,sgbm_tuned,sgbm,tuned_on_development_scenes,0.06099998950958252,0.5839315110624038,2.8349704438950183,0.22273550667861777,0.20515986686640883,0.19620594337434732,0.8199813211816547,319078,261638,0.008172627599010348,0.12433540606550195,0.8199813211816547,0,,,235311,0.00799786282398791,0.12209524970903358,26327,0.009734676977036887,0.1428056758961623
Pipes,development,bm_fixed,bm,fixed_empirical,0.044927334412932396,1.1364171408488697,5.0941068108189365,0.37337286510670026,0.36666548308063773,0.3613322444341867,0.6722650285836026,281630,189330,0.018587594161634646,0.5107476844588074,0.6722650285836026,0,,,62082,0.00910926330209699,0.14737179715559598,127248,0.023211900527328543,0.6144408840286939
Pipes,development,bm_tuned,bm,tuned_on_development_scenes,0.025973930954933167,1.7327643916039153,6.52966943664788,0.33169051592515003,0.3209388204381636,0.3106984341156837,0.747931683414409,281630,210640,0.02879784053956231,0.6520854247816669,0.747931683414409,0,,,70122,0.01610750936885453,0.2716380383775198,140518,0.035130633508095685,0.7749753931765427
Pipes,development,sgbm_fixed,sgbm,fixed_empirical,0.06850078515708447,1.0692716699930653,4.731554408367851,0.2763626034158293,0.2643539395660974,0.2580122856229805,0.7762844867379185,281630,218625,0.018196101526200027,0.4986478417983586,0.7762844867379185,0,,,74589,0.008455721883711766,0.13606822703389812,144036,0.023240154243253798,0.6064858346238478
Pipes,development,sgbm_tuned,sgbm,tuned_on_development_scenes,0.05751733481884003,1.043219290435054,4.583683571333855,0.2573234385541313,0.24426019955260447,0.23813514185278556,0.7967190995277492,281630,224380,0.018273362705176193,0.49733084675439637,0.7967190995277492,0,,,75833,0.008533170566315263,0.14863693535167355,148547,0.0232457148258265,0.6019345404963853
PlaytableP,development,bm_fixed,bm,fixed_empirical,0.04112447425723076,0.8897268927896911,2.8224687763766,0.5718591633268193,0.5483863844633611,0.5358219336888477,0.4909630905457476,271719,133404,0.015137443161721905,0.11054296121280253,0.4909630905457476,68608,0.009440905738704946,0.05011265227944833,64796,0.02116911239313045,0.1499979050239988,0,,
PlaytableP,development,bm_tuned,bm,tuned_on_development_scenes,0.02350265346467495,1.4761586440996108,4.698718625128342,0.43872530077028105,0.40007875783438035,0.3790754419087366,0.6813178320249964,271719,185127,0.029842986020172005,0.2238040057376991,0.6813178320249964,108990,0.0325171076893078,0.25417618791802393,76137,0.026014984907452677,0.17119210811457314,0,,
PlaytableP,development,sgbm_fixed,sgbm,fixed_empirical,0.05928494408726692,0.6779164568608997,2.3791758562704217,0.2837232582189689,0.26106013933512195,0.24339115041642284,0.7881929493336867,271719,214167,0.011451657904949628,0.08700605075426468,0.7881929493336867,133900,0.006526069653498733,0.035472253012556805,80267,0.019668437738122362,0.1345334170908702,0,,
PlaytableP,development,sgbm_tuned,sgbm,tuned_on_development_scenes,0.05207293666899204,0.6668297475878804,2.3144500927554508,0.2693260316724263,0.24431857912034124,0.22524740632786078,0.8067820064110349,271719,219218,0.011422454873643269,0.08582210837448648,0.8067820064110349,136237,0.0065262835333986,0.036121930480729904,82981,0.01946091783360896,0.13158915482242978,0,,
ArtL,held_out,bm_fixed,bm,fixed_empirical,0.011704608798027039,1.136378599016854,3.4885196201475988,0.5099845126982169,0.4993215739484396,0.4954977180214629,0.5464687581376863,72963,39872,0.013175634684543162,0.08142998855930246,0.5464687581376863,31824,0.007713049529562065,0.04616287991186318,8048,0.03477619506875272,0.15628311345604023,0,,
ArtL,held_out,bm_tuned,bm,tuned_on_development_scenes,0.007638856768608093,1.59936099589498,4.531616878691324,0.4562586516453545,0.4388662746871702,0.42699724517906334,0.6410372380521634,72963,46772,0.018402800546079512,0.10256814783814279,0.6410372380521634,36715,0.01099426982380443,0.0613728227633244,10057,0.04544905742868164,0.18755142723362012,0,,
ArtL,held_out,sgbm_fixed,sgbm,fixed_empirical,0.024277299642562866,0.9902482757860873,3.0644379049253105,0.4390033304551622,0.4227211052177131,0.4163206008524869,0.6220001918780752,72963,45383,0.011449561302827503,0.071564521903522,0.6220001918780752,36378,0.006812034017065947,0.03905627659833072,9005,0.03018403854896119,0.1401741701454992,0,,
ArtL,held_out,sgbm_tuned,sgbm,tuned_on_development_scenes,0.020303402096033096,1.1904612995751471,3.9525861875599793,0.4296561270781081,0.4156353220125269,0.4085906555377383,0.635513890602086,72963,46369,0.014503038845479486,0.09845631538140809,0.635513890602086,36745,0.010066344230113834,0.08008582717525045,9624,0.03144260073675243,0.14905207801714146,0,,
MotorcycleE,held_out,bm_fixed,bm,fixed_empirical,0.046932486817240715,0.6539498146683019,3.1882161586332867,0.34296943067212404,0.3307717862090147,0.324751314725553,0.693112655839638,319078,221157,0.008716835920374056,0.13016156203410734,0.693112655839638,0,,,198164,0.008429571483896562,0.12681527643552717,22993,0.011192609842442757,0.15605508906372556
MotorcycleE,held_out,bm_tuned,bm,tuned_on_development_scenes,0.02660583145916462,0.901148264758083,4.047572286894069,0.2838052137721811,0.2643836303349024,0.2541510226339641,0.7743874538514094,319078,247090,0.012051231964294971,0.168849671380088,0.7743874538514094,0,,,222931,0.011799139610331948,0.16509160247083388,24159,0.014377454099372218,0.20022658633835466
MotorcycleE,held_out,sgbm_fixed,sgbm,fixed_empirical,0.08054262958467007,0.5726777679128566,2.8313028441883796,0.353650204652154,0.3376697860711174,0.33146127279223264,0.6817894057252458,319078,217544,0.007570706870601815,0.11284083764804433,0.6817894057252458,0,,,201704,0.007432817916846632,0.11005741546086419,15840,0.009326562522636871,0.14364324532593267
MotorcycleE,held_out,sgbm_tuned,sgbm,tuned_on_development_scenes,0.06130122020840645,1.0780805197688068,5.145626530648612,0.42135778712415145,0.40606372109640904,0.3994227116880512,0.6239571515428829,319078,199091,0.014242185403532732,0.21492950185716636,0.6239571515428829,0,,,186753,0.013070413804514772,0.19286016392292774,12338,0.031978598228253184,0.4271030700648693
Piano,held_out,bm_fixed,bm,fixed_empirical,0.04007805697619915,0.597332695206349,2.1209211046779712,0.42007593024758977,0.40772705933581443,0.397759513393252,0.6264789729005219,293954,184156,0.010515429416191754,0.09483960459333407,0.6264789729005219,39179,0.0036617411167618034,0.012895667871024655,144977,0.012367589785652887,0.10667859587148232,0,,
Piano,held_out,bm_tuned,bm,tuned_on_development_scenes,0.02394063025712967,0.9967926790774382,3.4970498407367834,0.35740285895072016,0.3357191941596304,0.3173897956823176,0.7294780816046048,293954,214433,0.0172884914370429,0.14063210719656108,0.7294780816046048,42191,0.004063461385096362,0.017874674760824966,172242,0.020527987279646196,0.15666408341944946,0,,
Piano,held_out,sgbm_fixed,sgbm,fixed_empirical,0.0774119421839714,0.8719937574045734,2.3424503398226433,0.32577205957394695,0.29928832402348665,0.26963402437116013,0.7831531464106629,293954,230211,0.015285020489657453,0.10164846147958717,0.7831531464106629,47397,0.0037814925073142874,0.014164774362825297,182814,0.01826746557471176,0.11383851599319063,0,,
Piano,held_out,sgbm_tuned,sgbm,tuned_on_development_scenes,0.055274106562137604,1.0580733001306408,2.6842505033924366,0.31477374010899667,0.2854494240595467,0.2502024126223831,0.8218734904100642,293954,241593,0.01843336739177792,0.11402865385172367,0.8218734904100642,48162,0.0052606145299728515,0.03147496668596953,193431,0.021713224929247373,0.12646479005738168,0,,
PianoL,held_out,bm_fixed,bm,fixed_empirical,0.03638567216694355,0.542529866363038,2.3271385486963454,0.6443219007055526,0.6374194601876484,0.6324867156085646,0.3783449111085408,293954,111216,0.009774990542944369,0.10326782251425687,0.3783449111085408,19862,0.0033520740027553485,0.012113107317366898,91354,0.01117144793201583,0.11380219663654267,0,,
PianoL,held_out,bm_tuned,bm,tuned_on_development_scenes,0.024034904316067696,1.7255734368314577,6.50805767426408,0.5593732352681031,0.5425270620573287,0.5292528763003735,0.5145669050259565,293954,151259,0.027804546132803174,0.22258695152401844,0.5145669050259565,28426,0.01451896909367632,0.1223628239711092,122833,0.03087909298026453,0.23988677910653056,0,,
PianoL,held_out,sgbm_fixed,sgbm,fixed_empirical,0.06029658392071724,3.5945400099139464,12.808802442634356,0.6164842118154541,0.6008627200174177,0.5920212005960116,0.4565918477040625,293954,134217,0.04170611606585686,0.3177742825336115,0.4565918477040625,29086,0.01744196300162007,0.1265307607019081,105131,0.048419142252484886,0.3528296929748515,0,,
PianoL,held_out,sgbm_tuned,sgbm,tuned_on_development_scenes,0.053856417536735535,5.395833288296037,15.227888774935275,0.6336331534866,0.6150690244051791,0.6040230784408445,0.4748600121107384,293954,139587,0.06568589539722693,0.393289028258416,0.4748600121107384,31130,0.0491799220173532,0.2610475964113163,108457,0.07042354212648798,0.42368945547020165,0,,
Playroom,held_out,bm_fixed,bm,fixed_empirical,0.04802595637738705,0.7335171562058904,2.987256442233949,0.5265794319909454,0.5085746730567374,0.49848528428468436,0.5189442188661484,267707,138925,0.0066629204652751805,0.08957695428413526,0.5189442188661484,0,,,127406,0.0061194283738319815,0.0820044851196845,11519,0.012674219484496693,0.14964924383965197
Playroom,held_out,bm_tuned,bm,tuned_on_development_scenes,0.02454458177089691,1.4290729083098732,5.163044971407206,0.44589794065900407,0.4094177589678268,0.38638885049699856,0.661413410930607,267707,177065,0.012606649487584377,0.1443344386537657,0.661413410930607,0,,,162345,0.011711646124988567,0.13339374591440062,14720,0.022477527266158936,0.23311817987265473
Playroom,held_out,sgbm_fixed,sgbm,fixed_empirical,0.06580125167965889,0.7677625295714309,2.862631797948038,0.35649049147015205,0.3196517087711565,0.2964322935149249,0.724112555891329,267707,193850,0.007129753093847668,0.08544908668279154,0.724112555891329,0,,,177046,0.006827108655377035,0.08074783874632867,16804,0.010318397895887179,0.12463397013560344
Playroom,held_out,sgbm_tuned,sgbm,tuned_on_development_scenes,0.07060385309159756,0.8662166662945678,3.3429433992788384,0.34139563029730263,0.3005375279690109,0.2744605109317276,0.750622882479726,267707,200947,0.008016139920847482,0.09709155765822443,0.750622882479726,0,,,183504,0.007664540635583079,0.09187476693500342,17443,0.011715037773462248,0.14070383369271144
Playtable,held_out,bm_fixed,bm,fixed_empirical,0.041440898552536964,2.291135610939914,7.705775550112213,0.6356684237863166,0.6079633988661606,0.5951183753458062,0.44710775158674904,271467,121375,0.059402502005697404,0.4025952055311202,0.44710775158674904,62850,0.09342763207964336,0.540833641788823,58525,0.02286291336584258,0.1484145062656377,0,,
Playtable,held_out,bm_tuned,bm,tuned_on_development_scenes,0.015595687553286552,3.9698681660672324,10.879191127474355,0.5319173232842298,0.4892712558064148,0.4668781104148939,0.6280505549477469,271467,170495,0.11016515416452115,0.5686923920290343,0.6280505549477469,100030,0.16800644376693413,0.7284392814975971,70465,0.028055394724666283,0.17104979763766756,0,,
Playtable,held_out,sgbm_fixed,sgbm,fixed_empirical,0.07353910990059376,0.8018963356532827,2.5046135346207326,0.3228900750367448,0.2896889861382783,0.27187834985467846,0.7649032847454755,271467,207646,0.013021235534624774,0.08405133279962627,0.7649032847454755,133140,0.008732376182849551,0.04268938637440744,74506,0.020685299289159353,0.12818875985844744,0,,
Playtable,held_out,sgbm_tuned,sgbm,tuned_on_development_scenes,0.05357665196061134,0.8678249843286034,2.5841025492724596,0.3092604257607739,0.2730055586866912,0.2534451701311762,0.7923283493021251,271467,215091,0.01403687531512724,0.08654946865398376,0.7923283493021251,138114,0.010191786037975624,0.051580978259896916,76977,0.020935827734999638,0.12711135348757677,0,,
Recycle,held_out,bm_fixed,bm,fixed_empirical,0.04071544110774994,0.6547739125674189,2.5540452721936133,0.4789231403372423,0.4546289799347415,0.43837728475550086,0.5756844433676407,317813,182960,0.009090358638783299,0.07454205226977005,0.5756844433676407,118139,0.006809149887386268,0.04311654397343007,64821,0.013247957575567583,0.11088432084897754,0,,
Recycle,held_out,bm_tuned,bm,tuned_on_development_scenes,0.02372482791543007,0.8245794439905366,2.918368564998385,0.3996029111458625,0.36171585177447113,0.3357980951062417,0.6886376579938517,317813,218858,0.0112830260390848,0.07991969723503393,0.6886376579938517,143381,0.009707709298146834,0.05696737209217474,75477,0.014275599798407855,0.11115606253535582,0,,
Recycle,held_out,sgbm_fixed,sgbm,fixed_empirical,0.06615560501813889,0.5793591744224815,1.9725032247758578,0.2975649202518462,0.2661753924477602,0.25005270394854834,0.7672530702016594,317813,243843,0.007835162943978574,0.05391036303143386,0.7672530702016594,158464,0.00708419626445238,0.03510948518176841,85379,0.009228962167493013,0.07754118474769357,0,,
Recycle,held_out,sgbm_tuned,sgbm,tuned_on_development_scenes,0.05991386994719505,0.5857016484205854,2.013307534194806,0.2866685755459972,0.2552633152199564,0.23815891735076916,0.7800593430728132,317813,247913,0.007927901545054964,0.05356572440160482,0.7800593430728132,161605,0.007433965397874315,0.03870611681616508,86308,0.00885275846521449,0.07373336009721781,0,,
Shelves,held_out,bm_fixed,bm,fixed_empirical,0.03877420909702778,1.075129295882587,3.15155698149412,0.5367755815517009,0.5177408934234562,0.5094041985195972,0.5353522433973835,304917,163238,0.012836166468307115,0.11625451282113064,0.5353522433973835,0,,,163238,0.012836166468307115,0.11625451282113064,0,,
Shelves,held_out,bm_tuned,bm,tuned_on_development_scenes,0.030801909044384956,2.0288882177169696,5.298095858286725,0.4809538333382527,0.44309435026581007,0.41706103628200464,0.6813165549969336,304917,207745,0.024659932328512057,0.2049954232764279,0.6813165549969336,0,,,207745,0.024659932328512057,0.2049954232764279,0,,
Shelves,held_out,sgbm_fixed,sgbm,fixed_empirical,0.08220341615378857,1.2047833719703627,3.08879429820663,0.4230331532843364,0.3652469360514501,0.32485889602744356,0.7365938927642605,304917,224600,0.014880053557204344,0.1187853791244785,0.7365938927642605,0,,,224600,0.014880053557204344,0.1187853791244785,0,,
Shelves,held_out,sgbm_tuned,sgbm,tuned_on_development_scenes,0.05452238209545612,1.493088988969076,3.7883485587391332,0.4021192652426726,0.3331234401492865,0.2811191242206896,0.7972497433727866,304917,243095,0.018275010147633722,0.14451204125076728,0.7972497433727866,0,,,243095,0.018275010147633722,0.14451204125076728,0,,
Teddy,held_out,bm_fixed,bm,fixed_empirical,0.027886420488357544,0.4020544963551043,1.506944980912883,0.34103498790583586,0.3338738800122645,0.3242871256771028,0.6925970088236296,146765,101649,0.005141205097947359,0.03434311616921383,0.6925970088236296,101649,0.005141205097947359,0.03434311616921383,0,,,0,,
Teddy,held_out,bm_tuned,bm,tuned_on_development_scenes,0.02024722471833229,0.5803324954296161,2.109211158069192,0.31359656593874563,0.29977855755800087,0.28347358021326613,0.7454093278370184,146765,109400,0.007405434951099475,0.046171717251149214,0.7454093278370184,109400,0.007405434951099475,0.046171717251149214,0,,,0,,
Teddy,held_out,sgbm_fixed,sgbm,fixed_empirical,0.04520501010119915,0.4016803198000394,2.2053678200362765,0.23868769802064524,0.22343201717030628,0.2138725172895445,0.795986781589616,146765,116823,0.005490110908076869,0.048016569572560175,0.795986781589616,116823,0.005490110908076869,0.048016569572560175,0,,,0,,
Teddy,held_out,sgbm_tuned,sgbm,tuned_on_development_scenes,0.030719490721821785,0.4170796308954204,2.315479431215477,0.22249855210711,0.20981841719756072,0.20289578577998843,0.8074336524375703,146765,118503,0.005631089582410453,0.046107383411419754,0.8074336524375703,118503,0.005631089582410453,0.046107383411419754,0,,,0,,
Vintage,held_out,bm_fixed,bm,fixed_empirical,0.04541025124490261,0.37110672711785586,0.8279668086369052,0.6734594276627516,0.6562356576319175,0.6479324365380513,0.3550216872765823,309398,109843,0.003622492630306261,0.016042811376707124,0.3550216872765823,57454,0.0039809206668688065,0.013587983224119556,52389,0.0032294115557932046,0.018361446249517178,0,,
Vintage,held_out,bm_tuned,bm,tuned_on_development_scenes,0.032392142340540886,1.0936885055255274,3.983067870435716,0.6114325238042909,0.5785557760554367,0.5531903890781453,0.4688912016237985,309398,145074,0.012609118084043613,0.13350331813953784,0.4688912016237985,81243,0.007756093036988022,0.047811104385112387,63831,0.01878596497502037,0.1939037409013903,0,,
Vintage,held_out,sgbm_fixed,sgbm,fixed_empirical,0.10062610544264317,0.609252229652207,2.2366592013692927,0.5533649215573468,0.5192987672835636,0.5003264403777659,0.5130188301152561,309398,158727,0.006281650028016871,0.04349138144595903,0.5130188301152561,92914,0.005442889842630884,0.04390712017482517,65813,0.007465801546181268,0.042897587659887465,0,,
Vintage,held_out,sgbm_tuned,sgbm,tuned_on_development_scenes,0.0777454562485218,0.7838410756023438,2.191698907172117,0.5371754180699293,0.5011279969489137,0.4771976548006128,0.5512996205534619,309398,170571,0.00856154241590662,0.05619496358703719,0.5512996205534619,96151,0.004899335907735697,0.033668652719211115,74420,0.013293130940055275,0.07598206263619493,0,,
