disparity_error_px,depth_bin_start_m,depth_bin_end_m,depth_bin_center_m,mean_exact_abs_depth_error_m,mean_first_order_abs_depth_error_m,pixel_count
0.25,0.75,1.0,0.875,0.0012551452586534117,0.001255143226257656,219
0.25,1.0,1.25,1.125,0.0025081712633099533,0.0025081585739665986,8127
0.25,1.25,1.5,1.375,0.003746917101861883,0.0037468874593535816,192505
0.25,1.5,1.75,1.625,0.0052919324554003815,0.0052918737321696495,379890
0.25,1.75,2.0,1.875,0.006403318836405381,0.006403236395236186,559372
0.25,2.0,2.25,2.125,0.007266022536863693,0.007265916776930925,655074
0.25,2.25,2.5,2.375,0.008387400395362373,0.008387258594784848,538149
0.25,2.5,2.75,2.625,0.008858290406453445,0.008858125114720268,461888
0.25,2.75,3.0,2.875,0.011060092224598304,0.011059862193045436,223693
0.25,3.0,3.25,3.125,0.00895615588067766,0.008956037736689074,255606
0.25,3.25,3.5,3.375,0.012561351926803983,0.012561156504974497,215375
0.25,3.5,3.75,3.625,0.013678674943377012,0.013678449843924655,175352
0.25,3.75,4.0,3.875,0.01453746661520668,0.014537222067502275,95837
0.25,4.0,4.25,4.125,0.018847957598716773,0.018847507447918594,73841
0.25,4.25,4.5,4.375,0.023855998920701706,0.023855272758745175,36585
0.25,4.5,4.75,4.625,0.022884969515629624,0.022884396301979738,15165
0.25,4.75,5.0,4.875,0.025594466300759556,0.025593767360256352,7808
0.25,5.0,5.25,5.125,0.028149645404990507,0.028148800063511416,14495
0.25,5.25,5.5,5.375,0.030892143050132916,0.03089112510259369,27302
0.25,5.5,5.75,5.625,0.033722139604126414,0.03372092663236705,29535
0.25,5.75,6.0,5.875,0.03678459257229069,0.03678314943537454,25639
0.25,6.0,6.25,6.125,0.039793542529194155,0.03979185368316571,14686
0.25,6.25,6.5,6.375,0.04308246709762398,0.043080487588733285,5705
0.25,6.5,6.75,6.625,0.046875563151632105,0.046873219884927146,5532
0.25,6.75,7.0,6.875,0.05032799380739773,0.05032529273108068,5828
0.25,7.0,7.25,7.125,0.0541785822292923,0.054175452055514224,4948
0.25,7.25,7.5,7.375,0.05771036676712728,0.05770681550132818,3450
0.25,7.5,7.75,7.625,0.06207950812364329,0.062075398718183336,3320
0.25,7.75,8.0,7.875,0.06629850209090522,0.06629381545726279,3593
0.25,8.0,8.25,8.125,0.06981154304533972,0.06980634699767158,2633
0.25,8.25,8.5,8.375,0.07450596892129666,0.07450004965142494,584
0.25,8.5,8.75,8.625,0.07714815957963955,0.0771418155349033,35
0.5,0.75,1.0,0.875,0.0025103027117603432,0.002510286452515312,219
0.5,1.0,1.25,1.125,0.0050164186644682624,0.005016317147933197,8127
0.5,1.25,1.5,1.375,0.007494012066478909,0.007493774918707163,192505
0.5,1.5,1.75,1.625,0.010584217266747752,0.010583747464339299,379890
0.5,1.75,2.0,1.875,0.0128071323446201,0.012806472790472373,559372
0.5,2.0,2.25,2.125,0.01453267967582916,0.01453183355386185,655074
0.5,2.25,2.5,2.375,0.01677565166228016,0.016774517189569696,538149
0.5,2.5,2.75,2.625,0.017717572659595903,0.017716250229440535,461888
0.5,2.75,3.0,2.875,0.022121564798789517,0.02211972438609087,223693
0.5,3.0,3.25,3.125,0.017913020688493198,0.01791207547337815,255606
0.5,3.25,3.5,3.375,0.025123876465676296,0.025122313009948993,215375
0.5,3.5,3.75,3.625,0.027358700583677727,0.02735689968784931,175352
0.5,3.75,4.0,3.875,0.029076400633848396,0.02907444413500455,95837
0.5,4.0,4.25,4.125,0.037698616385919634,0.03769501489583719,73841
0.5,4.25,4.5,4.375,0.047716355354023444,0.04771054551749035,36585
0.5,4.5,4.75,4.625,0.045773378662954785,0.045768792603959475,15165
0.5,4.75,5.0,4.875,0.05119312670310027,0.051187534720512705,7808
0.5,5.0,5.25,5.125,0.056304363468674755,0.05629760012702283,14495
0.5,5.25,5.5,5.375,0.061790394591184385,0.06178225020518738,27302
0.5,5.5,5.75,5.625,0.06745155808677307,0.0674418532647341,29535
0.5,5.75,6.0,5.875,0.07357784532586714,0.07356629887074909,25639
0.5,6.0,6.25,6.125,0.07959721985598162,0.07958370736633141,14686
0.5,6.25,6.5,6.375,0.08617681343300139,0.08616097517746657,5705
0.5,6.5,6.75,6.625,0.09376518871666055,0.09374643976985429,5532
0.5,6.75,7.0,6.875,0.10067219755414802,0.10065058546216137,5828
0.5,7.0,7.25,7.125,0.10837594984445026,0.10835090411102845,4948
0.5,7.25,7.5,7.375,0.11544204637692991,0.11541363100265636,3450
0.5,7.5,7.75,7.625,0.12418367921281342,0.12415079743636667,3320
0.5,7.75,8.0,7.875,0.13262513193951114,0.13258763091452558,3593
0.5,8.0,8.25,8.125,0.13965427166340158,0.13961269399534315,2633
0.5,8.25,8.5,8.375,0.1490474647563174,0.14900009930284988,584
0.5,8.5,8.75,8.625,0.15433439595225476,0.1542836310698066,35
1.0,0.75,1.0,0.875,0.005020702981518499,0.005020572905030624,219
1.0,1.0,1.25,1.125,0.010033446485375394,0.010032634295866394,8127
1.0,1.25,1.5,1.375,0.014989447228171969,0.014987549837414326,192505
1.0,1.5,1.75,1.625,0.02117125387804687,0.021167494928678598,379890
1.0,1.75,2.0,1.875,0.025618222894049605,0.025612945580944745,559372
1.0,2.0,2.25,2.125,0.02907043744424739,0.0290636671077237,655074
1.0,2.25,2.5,2.375,0.03355811234042769,0.03354903437913939,538149
1.0,2.5,2.75,2.625,0.03544308298267154,0.03543250045888107,461888
1.0,2.75,3.0,2.875,0.044254177205246575,0.04423944877218174,223693
1.0,3.0,3.25,3.125,0.03583171469131395,0.0358241509467563,255606
1.0,3.25,3.5,3.375,0.0502571362613826,0.05024462601989799,215375
1.0,3.5,3.75,3.625,0.05472820974998482,0.05471379937569862,175352
1.0,3.75,4.0,3.875,0.05816454401267881,0.0581488882700091,95837
1.0,4.0,4.25,4.125,0.0754188507943684,0.07539002979167438,73841
1.0,4.25,4.5,4.375,0.09546758704359215,0.0954210910349807,36585
1.0,4.5,4.75,4.625,0.09157428487771155,0.09153758520791895,15165
1.0,4.75,5.0,4.875,0.10241981998173275,0.10237506944102541,7808
1.0,5.0,5.25,5.125,0.1126493265102838,0.11259520025404567,14495
1.0,5.25,5.5,5.375,0.12362968129297917,0.12356450041037476,27302
1.0,5.5,5.75,5.625,0.13496137865875868,0.1348837065294682,29535
1.0,5.75,6.0,5.875,0.14722501292133888,0.14713259774149817,25639
1.0,6.0,6.25,6.125,0.15927556977051677,0.15916741473266283,14686
1.0,6.25,6.5,6.375,0.17244872634857053,0.17232195035493314,5705
1.0,6.5,6.75,6.625,0.18764296120310422,0.18749287953970858,5532
1.0,6.75,7.0,6.875,0.2014741791564676,0.20130117092432273,5828
1.0,7.0,7.25,7.125,0.21690231319239953,0.2167018082220569,4948
1.0,7.25,7.5,7.375,0.23105475308699525,0.23082726200531273,3450
1.0,7.5,7.75,7.625,0.2485648583407993,0.24830159487273334,3320
1.0,7.75,8.0,7.875,0.26547552488643633,0.26517526182905116,3593
1.0,8.0,8.25,8.125,0.27955830684231087,0.2792253879906863,2633
1.0,8.25,8.5,8.375,0.2983794840888473,0.29800019860569976,584
1.0,8.5,8.75,8.625,0.3089737824800616,0.3085672621396132,35
2.0,0.75,1.0,0.875,0.010042186502856428,0.010041145810061249,219
2.0,1.0,1.25,1.125,0.020071767939813252,0.02006526859173279,8127
2.0,1.25,1.5,1.375,0.029990285126943326,0.029975099674828653,192505
2.0,1.5,1.75,1.625,0.042365078427944264,0.042334989857357196,379890
2.0,1.75,2.0,1.875,0.051268138435552474,0.05122589116188949,559372
2.0,2.0,2.25,2.125,0.05818154048952061,0.0581273342154474,655074
2.0,2.25,2.5,2.375,0.06717076228768738,0.06709806875827878,538149
2.0,2.5,2.75,2.625,0.07094975991242404,0.07086500091776214,461888
2.0,2.75,3.0,2.875,0.08859688955648926,0.08847889754436349,223693
2.0,3.0,3.25,3.125,0.07170887673898713,0.0716483018935126,255606
2.0,3.25,3.5,3.375,0.10058941712799079,0.10048925203979597,215375
2.0,3.5,3.75,3.625,0.10954298451281239,0.10942759875139724,175352
2.0,3.75,4.0,3.875,0.11642314270208613,0.1162977765400182,95837
2.0,4.0,4.25,4.125,0.15101091870825933,0.15078005958334875,73841
2.0,4.25,4.5,4.375,0.19121470530835388,0.1908421820699614,36585
2.0,4.5,4.75,4.625,0.1833691266626777,0.1830751704158379,15165
2.0,4.75,5.0,4.875,0.20510861374040723,0.20475013888205082,7808
2.0,5.0,5.25,5.125,0.22562403642434875,0.22519040050809133,14495
2.0,5.25,5.5,5.375,0.24765127494730496,0.2471290008207495,27302
2.0,5.5,5.75,5.625,0.2703898661142266,0.2697674130589364,29535
2.0,5.75,6.0,5.875,0.29500591345794214,0.29426519548299634,25639
2.0,6.0,6.25,6.125,0.3192018381376903,0.31833482946532565,14686
2.0,6.25,6.5,6.375,0.3456603532340243,0.3446439007098663,5705
2.0,6.5,6.75,6.625,0.3761893039152763,0.37498575907941717,5532
2.0,6.75,7.0,6.875,0.40398998712485773,0.40260234184864546,5828
2.0,7.0,7.25,7.125,0.43501212300308295,0.4334036164441138,4948
2.0,7.25,7.5,7.375,0.46347985141608306,0.46165452401062546,3450
2.0,7.5,7.75,7.625,0.4987160204264691,0.4966031897454667,3320
2.0,7.75,8.0,7.875,0.532760818326358,0.5303505236581023,3593
2.0,8.0,8.25,8.125,0.561123689762517,0.5584507759813726,2633
2.0,8.25,8.5,8.375,0.5990463159729501,0.5960003972113995,584
2.0,8.5,8.75,8.625,0.6203995916824097,0.6171345242792264,35
